,qty,unit_price,discount_pct,promised_days,actual_days,on_time,returned,net_revenue,is_metro
qty,1.0,-0.0,0.004,0.003,-0.001,0.003,0.001,0.53,-0.001
unit_price,-0.0,1.0,-0.001,-0.003,0.001,-0.001,0.032,0.715,0.0
discount_pct,0.004,-0.001,1.0,0.003,0.001,-0.001,-0.001,-0.082,-0.002
promised_days,0.003,-0.003,0.003,1.0,-0.002,0.427,0.001,-0.001,-0.002
actual_days,-0.001,0.001,0.001,-0.002,1.0,-0.69,0.001,0.001,-0.515
on_time,0.003,-0.001,-0.001,0.427,-0.69,1.0,0.001,-0.001,0.365
returned,0.001,0.032,-0.001,0.001,0.001,0.001,1.0,0.023,-0.001
net_revenue,0.53,0.715,-0.082,-0.001,0.001,-0.001,0.023,1.0,-0.0
is_metro,-0.001,0.0,-0.002,-0.002,-0.515,0.365,-0.001,-0.0,1.0
