,price,discount_pct,qty,promised_days,actual_days,late,returned,is_metro,net_revenue
price,1.0,0.0,0.001,0.001,0.001,0.001,-0.012,-0.001,0.792
discount_pct,0.0,1.0,0.365,0.0,0.0,-0.0,-0.0,-0.0,0.097
qty,0.001,0.365,1.0,-0.001,0.0,0.001,0.001,0.001,0.476
promised_days,0.001,0.0,-0.001,1.0,-0.001,-0.454,-0.075,0.001,-0.001
actual_days,0.001,0.0,0.0,-0.001,1.0,0.68,0.129,-0.628,0.001
late,0.001,-0.0,0.001,-0.454,0.68,1.0,0.176,-0.441,0.002
returned,-0.012,-0.0,0.001,-0.075,0.129,0.176,1.0,-0.098,-0.009
is_metro,-0.001,-0.0,0.001,0.001,-0.628,-0.441,-0.098,1.0,-0.001
net_revenue,0.792,0.097,0.476,-0.001,0.001,0.002,-0.009,-0.001,1.0
