antecedent,consequent,pair_customers,a_customers,b_customers,total_customers,support,conf_a_to_b,lift
Garden & Pool,Sport & Outdoor,335061,517409,517374,799997,0.41882782060432727,0.6475747426117443,1.001321773736538
Baby,Electronics,334621,517419,516761,799997,0.41827781854181956,0.6467118524831906,1.001173737667887
Pet Supplies,Sport & Outdoor,335526,518219,517374,799997,0.41940907278402295,0.6474598577049472,1.0011441312945464
Books,Fashion,335587,517929,517932,799997,0.4194853230699615,0.6479401616823928,1.0008074139567147
Baby,Groceries,334924,517419,517434,799997,0.41865656996213735,0.6472974513885266,1.0007769478203346
Fashion,Pet Supplies,335747,517932,518219,799997,0.4196853238199643,0.6482453295027146,1.0007242475983769
Books,Groceries,335230,517929,517434,799997,0.41903907139651775,0.6472508780160987,1.0007049414229543
Baby,Home & Kitchen,335123,517419,517787,799997,0.41890532089495336,0.6476820526497867,1.0006888915203962
Books,Home & Kitchen,335443,517929,517787,799997,0.419305322394959,0.6476621312959885,1.0006581124099232
Books,Pet Supplies,335716,517929,518219,799997,0.4196465736746513,0.6481892305702133,1.00063764525901
Baby,Toys,335163,517419,517881,799997,0.41895532108245404,0.6477593594359697,1.0006266773075232
Automotive,Fashion,335149,517361,517932,799997,0.4189378210168288,0.6478049176493783,1.0005985162236541
Home & Kitchen,Toys,335391,517787,517881,799997,0.41924032215120804,0.6477393213811857,1.000595723509811
Groceries,Toys,335157,517434,517881,799997,0.41894782105432893,0.6477289857257157,1.0005797574995325
Fashion,Toys,335455,517932,517881,799997,0.4193203224512092,0.647681548929203,1.0005064794783274
Automotive,Sport & Outdoor,334751,517361,517374,799997,0.41844031915119684,0.6470356288935579,1.000488161384143
Garden & Pool,Groceries,334815,517409,517434,799997,0.41852031945119794,0.64709929668792,1.0004705837893257
Beauty,Electronics,334644,517820,516761,799997,0.41830656864963245,0.6462554555637094,1.0004671902186908
Beauty,Toys,335363,517820,517881,799997,0.4192053220199576,0.6476439689467383,1.000448427776813
Electronics,Pet Supplies,334879,516761,518219,799997,0.41860031975119905,0.6480345846532536,1.0003989116934133
Garden & Pool,Home & Kitchen,335016,517409,517787,799997,0.41877157039338897,0.6474877707964106,1.0003887200215844
Beauty,Garden & Pool,335037,517820,517409,799997,0.41879782049182684,0.6470144065505388,1.0003876704835273
Books,Electronics,334675,517929,516761,799997,0.41834531879494546,0.6461793025684988,1.0003492978705655
Baby,Garden & Pool,334754,517419,517409,799997,0.4184440691652594,0.646968897547249,1.000317306291747
Electronics,Fashion,334663,516761,517932,799997,0.41833031873869525,0.6476165964536797,1.000307635583734
Electronics,Sport & Outdoor,334301,516761,517374,799997,0.4178778170418139,0.6469160791932828,1.0003033059380422
Pet Supplies,Toys,335555,518219,517881,799997,0.41944532291996095,0.6475158186017881,1.0002504674509678
Baby,Sport & Outdoor,334702,517419,517374,799997,0.41837906892150845,0.6468683987252111,1.0002295793274742
Electronics,Garden & Pool,334294,516761,517409,799997,0.4178690670090013,0.6469025332794077,1.000214696528136
Fashion,Home & Kitchen,335295,517932,517787,799997,0.4191203217012064,0.6473726280670049,1.0002108209277556
Garden & Pool,Pet Supplies,335233,517409,518219,799997,0.4190428214105803,0.6479071682170198,1.0002022134505126
Beauty,Books,335306,517820,517929,799997,0.41913407175276907,0.647533892086053,1.0001856838817023
Beauty,Sport & Outdoor,334939,517820,517374,799997,0.4186753200324501,0.6468251515970801,1.0001627078326496
Books,Toys,335335,517929,517881,799997,0.41917032188870706,0.6474536085061852,1.000154368366715
Electronics,Groceries,334282,516761,517434,799997,0.41785406695275107,0.6468793117127647,1.000130468296008
Groceries,Pet Supplies,335209,517434,518219,799997,0.4190128212980799,0.6478294816343727,1.000082285325419
Automotive,Groceries,334647,517361,517434,799997,0.418310318663695,0.6468346087161576,1.0000613536588239
Books,Garden & Pool,334996,517929,517409,799997,0.41874657029963863,0.6467990786381917,1.0000547391199563
Groceries,Home & Kitchen,334919,517434,517787,799997,0.4186503199386998,0.6472690236822474,1.0000507489348456
Electronics,Toys,334544,516761,517881,799997,0.4181815681808807,0.6473863159178034,1.0000504180985497
Automotive,Books,334959,517361,517929,799997,0.41870032012620045,0.6474376692483585,1.0000370573682476
Fashion,Sport & Outdoor,334941,517932,517374,799997,0.41867782004182513,0.6466891406593915,0.9999523989610829
Baby,Beauty,334894,517419,517820,799997,0.4186190698215118,0.6472394712988893,0.9999413605513452
Fashion,Garden & Pool,334958,517932,517409,799997,0.418699070121513,0.6467219635010001,0.9999355067942568
Beauty,Groceries,334901,517820,517434,799997,0.41862781985432446,0.64675176702329,0.9999332733514437
Books,Sport & Outdoor,334932,517929,517374,799997,0.4186665699996375,0.6466755095775676,0.999931321704464
Baby,Pet Supplies,335139,517419,518219,799997,0.41892532096995366,0.6477129753642599,0.9999024295760708
Automotive,Baby,334570,517361,517419,799997,0.41821406830275615,0.6466857764694285,0.9998602314917183
Automotive,Garden & Pool,334555,517361,517409,799997,0.4181953182324434,0.6466567831746112,0.9998347275933341
Sport & Outdoor,Toys,334867,517374,517881,799997,0.41858531969494883,0.647243580079401,0.9998299268225337
Automotive,Electronics,334088,517361,516761,799997,0.4176115660433727,0.6457541252626309,0.9996910814626664
Baby,Books,334867,517419,517929,799997,0.41858531969494883,0.6471872892182158,0.9996503185044765
Fashion,Groceries,334875,517932,517434,799997,0.418595319732449,0.6465617108037348,0.9996394302613579
Electronics,Home & Kitchen,334334,516761,517787,799997,0.417919067196502,0.646979938501551,0.9996041033502682
Beauty,Fashion,335083,517820,517932,799997,0.4188553207074526,0.6471032405082847,0.9995147067508983
Automotive,Toys,334748,517361,517881,799997,0.4184365691371343,0.6470298302345944,0.9994997366155253
Home & Kitchen,Sport & Outdoor,334678,517787,517374,799997,0.418349068809008,0.646362307280793,0.9994470281415622
Baby,Fashion,334799,517419,517932,799997,0.41850031937619764,0.6470558676817048,0.9994415347531351
Beauty,Pet Supplies,335197,517820,518219,799997,0.41899782124182966,0.6473233942296551,0.9993010163917985
Groceries,Sport & Outdoor,334396,517434,517374,799997,0.4179965674871281,0.6462582667547938,0.999286153979587
Home & Kitchen,Pet Supplies,335165,517787,518219,799997,0.4189578210918291,0.6473028484685788,0.9992692990151222
Automotive,Pet Supplies,334859,517361,518219,799997,0.4185753196574487,0.6472443806162428,0.9991790396721317
Automotive,Home & Kitchen,334547,517361,517787,799997,0.41818531819494326,0.6466413200840418,0.9990809273760702
Garden & Pool,Toys,334599,517409,517881,799997,0.41825031843869415,0.6466818319743182,0.9989621660844067
Automotive,Beauty,334486,517361,517820,799997,0.41810906790900465,0.6465234140184514,0.9988351003138524
Beauty,Home & Kitchen,334696,517820,517787,799997,0.41837156889338334,0.6463558765594222,0.998639908263259
